annee,Moy_recrutement_envi
2014,1.11538461538462
2015,1.13223140495868
2016,1.11678832116788
2017,1.35028248587571
